Train Loss,Valid Loss,Valid Accuracy,Valid F1,Test Loss,Test Accuracy,Test F1
0.4398312547377178,0.8022378930933977,0.6941241076331686,0.63379355687048,0.7948351485062052,0.7155963302752294,0.6593406593406594
0.4277934355120505,0.7371901770738142,0.685337726523888,0.5961945031712474,0.7278932871466334,0.694954128440367,0.6088235294117648
0.42696828364227224,0.4387087123722978,0.7951674903898956,0.8050182958703607,0.44464003497904,0.7855504587155964,0.7933701657458564
0.4430966068934735,0.49399464833931844,0.7616694124107634,0.7897286821705426,0.49907346069812775,0.7396788990825688,0.7704752275025278
0.43471558453849934,0.7252458766347072,0.6891817682591982,0.5910404624277457,0.7207228707530621,0.6926605504587156,0.593939393939394
