Train Loss,Valid Loss,Valid Accuracy,Valid F1,Test Loss,Test Accuracy,Test F1
0.47787529889339675,0.8305816687847096,0.6738056013179572,0.5948158253751705,0.7919948811388828,0.680045871559633,0.599713055954089
0.4813460845002381,0.5921096741501751,0.7116968698517299,0.6548323471400395,0.5985322332179005,0.7098623853211009,0.6461538461538462
0.4808518890686299,0.5623543326809106,0.728171334431631,0.6732673267326733,0.5701771472496066,0.7247706422018348,0.667590027700831
0.4780437704604892,0.49681502560031465,0.7638660076880834,0.7875494071146245,0.5183275993066755,0.7534403669724771,0.7729672650475184
0.48416331492810755,0.6324742800795315,0.7040087863811093,0.6370370370370371,0.6317302535965361,0.6995412844036697,0.6257142857142858
